Nome,Data,Potência Ativa
Navegantes,"17/12/2025, 10:00:00",62101.4006
Navegantes,"17/12/2025, 11:00:00",72048.55138
Navegantes,"17/12/2025, 12:00:00",57578.43182
Navegantes,"17/12/2025, 13:00:00",66247.52862
Navegantes,"17/12/2025, 14:00:00",54018.8266
Navegantes,"17/12/2025, 15:00:00",49833.10365
Navegantes,"17/12/2025, 16:00:00",61366.66811
Navegantes,"17/12/2025, 17:00:00",55864.72967
Navegantes,"17/12/2025, 18:00:00",51046.14346
Navegantes,"17/12/2025, 19:00:00",72439.22076
Navegantes,"17/12/2025, 20:00:00",69744.94119
Navegantes,"17/12/2025, 21:00:00",59780.00143
Navegantes,"17/12/2025, 22:00:00",52702.75453
Navegantes,"17/12/2025, 23:00:00",45423.56712
Navegantes,"18/12/2025, 0:00:00",21472.88225
Navegantes,"18/12/2025, 1:00:00",12847.17169
Navegantes,"18/12/2025, 2:00:00",11600.80735
Navegantes,"18/12/2025, 3:00:00",12002.66669
Navegantes,"18/12/2025, 4:00:00",11570.58701
Navegantes,"18/12/2025, 5:00:00",11505.36512
Navegantes,"18/12/2025, 6:00:00",11087.12719
Navegantes,"18/12/2025, 7:00:00",9956.345844
Navegantes,"18/12/2025, 8:00:00",18567.61132
Navegantes,"18/12/2025, 9:00:00",35063.83135
Navegantes,"18/12/2025, 10:00:00",63803.99882
Navegantes,"18/12/2025, 11:00:00",68193.32779
Navegantes,"18/12/2025, 12:00:00",67116.95225
Navegantes,"18/12/2025, 13:00:00",69738.52728
Navegantes,"18/12/2025, 14:00:00",67923.99284
Navegantes,"18/12/2025, 15:00:00",61135.75837
Navegantes,"18/12/2025, 16:00:00",53178.74419
Navegantes,"18/12/2025, 17:00:00",56329.62112
Navegantes,"18/12/2025, 18:00:00",61376.0845
Navegantes,"18/12/2025, 19:00:00",71360.61463
Navegantes,"18/12/2025, 20:00:00",75969.35624
Navegantes,"18/12/2025, 21:00:00",67553.26473
Navegantes,"18/12/2025, 22:00:00",60533.77213
Navegantes,"18/12/2025, 23:00:00",51754.50051
Navegantes,"19/12/2025, 0:00:00",18399.65434
Navegantes,"19/12/2025, 1:00:00",12849.69478
Navegantes,"19/12/2025, 2:00:00",12623.55603
Navegantes,"19/12/2025, 3:00:00",12264.87995
Navegantes,"19/12/2025, 4:00:00",11230.74136
Navegantes,"19/12/2025, 5:00:00",11141.41843
Navegantes,"19/12/2025, 6:00:00",10817.89385
Navegantes,"19/12/2025, 7:00:00",10456.34097
Navegantes,"19/12/2025, 8:00:00",18520.39024
Navegantes,"19/12/2025, 9:00:00",36684.84415
Navegantes,"19/12/2025, 10:00:00",54365.23647
Navegantes,"19/12/2025, 11:00:00",65376.63542
Navegantes,"19/12/2025, 12:00:00",66857.63594
Navegantes,"19/12/2025, 13:00:00",67518.0434
Navegantes,"19/12/2025, 14:00:00",65717.93857
Navegantes,"19/12/2025, 15:00:00",63254.95563
Navegantes,"19/12/2025, 16:00:00",53947.86102
Navegantes,"19/12/2025, 17:00:00",52654.82833
Navegantes,"19/12/2025, 18:00:00",64563.3883
Navegantes,"19/12/2025, 19:00:00",80091.92694
Navegantes,"19/12/2025, 20:00:00",72244.09165
Navegantes,"19/12/2025, 21:00:00",68839.04671
Navegantes,"19/12/2025, 22:00:00",64431.01392
Navegantes,"19/12/2025, 23:00:00",57982.31188
Navegantes,"20/12/2025, 0:00:00",19008.54712
Navegantes,"20/12/2025, 1:00:00",13796.22354
Navegantes,"20/12/2025, 2:00:00",12568.13451
Navegantes,"20/12/2025, 3:00:00",11804.27788
Navegantes,"20/12/2025, 4:00:00",11632.48635
Navegantes,"20/12/2025, 5:00:00",11156.32827
Navegantes,"20/12/2025, 6:00:00",11636.24581
Navegantes,"20/12/2025, 7:00:00",10730.54831
Navegantes,"20/12/2025, 8:00:00",16040.98882
Navegantes,"20/12/2025, 9:00:00",27067.18372
Navegantes,"20/12/2025, 10:00:00",49652.27048
Navegantes,"20/12/2025, 11:00:00",70149.32564
Navegantes,"20/12/2025, 12:00:00",71296.26154
Navegantes,"20/12/2025, 13:00:00",75313.17698
Navegantes,"20/12/2025, 14:00:00",70661.10089
Navegantes,"20/12/2025, 15:00:00",73764.36154
Navegantes,"20/12/2025, 16:00:00",69585.16863
Navegantes,"20/12/2025, 17:00:00",75785.76481
Navegantes,"20/12/2025, 18:00:00",69826.61591
Navegantes,"20/12/2025, 19:00:00",80420.97099
Navegantes,"20/12/2025, 20:00:00",74908.51868
Navegantes,"20/12/2025, 21:00:00",64914.76754
Navegantes,"20/12/2025, 22:00:00",63929.52142
Navegantes,"20/12/2025, 23:00:00",48071.3077
Navegantes,"21/12/2025, 0:00:00",12805.73118
Navegantes,"21/12/2025, 1:00:00",10868.58121
Navegantes,"21/12/2025, 2:00:00",10152.13059
Navegantes,"21/12/2025, 3:00:00",10813.87839
Navegantes,"21/12/2025, 4:00:00",10735.81535
Navegantes,"21/12/2025, 5:00:00",10272.83994
Navegantes,"21/12/2025, 6:00:00",9193.222615
Navegantes,"21/12/2025, 7:00:00",9235.120417
Navegantes,"21/12/2025, 8:00:00",13997.77915
Navegantes,"21/12/2025, 9:00:00",33186.83934
Navegantes,"21/12/2025, 10:00:00",44801.83082
Navegantes,"21/12/2025, 11:00:00",47516.01278
Navegantes,"21/12/2025, 12:00:00",73956.49611
Navegantes,"21/12/2025, 13:00:00",73789.83768
Navegantes,"21/12/2025, 14:00:00",69872.83446
Navegantes,"21/12/2025, 15:00:00",63364.71099
Navegantes,"21/12/2025, 16:00:00",61576.29096
Navegantes,"21/12/2025, 17:00:00",66270.86081
Navegantes,"21/12/2025, 18:00:00",63872.97011
Navegantes,"21/12/2025, 19:00:00",76603.70754
Navegantes,"21/12/2025, 20:00:00",69911.5669
Navegantes,"21/12/2025, 21:00:00",62106.80211
Navegantes,"21/12/2025, 22:00:00",58141.01841
Navegantes,"21/12/2025, 23:00:00",17980.20852
Navegantes,"22/12/2025, 0:00:00",11143.24046
Navegantes,"22/12/2025, 1:00:00",10478.31869
Navegantes,"22/12/2025, 2:00:00",11256.48606
Navegantes,"22/12/2025, 3:00:00",10410.80401
Navegantes,"22/12/2025, 4:00:00",9586.120806
Navegantes,"22/12/2025, 5:00:00",9593.336242
Navegantes,"22/12/2025, 6:00:00",8765.128372
Navegantes,"22/12/2025, 7:00:00",10300.21097
Navegantes,"22/12/2025, 8:00:00",18489.63503
Navegantes,"22/12/2025, 9:00:00",36277.65609
Navegantes,"22/12/2025, 10:00:00",44608.00669
Navegantes,"22/12/2025, 11:00:00",67091.84939
Navegantes,"22/12/2025, 12:00:00",66809.28471
Navegantes,"22/12/2025, 13:00:00",69998.45041
Navegantes,"22/12/2025, 14:00:00",60424.30736
Navegantes,"22/12/2025, 15:00:00",52043.28723
Navegantes,"22/12/2025, 16:00:00",42882.69371
Navegantes,"22/12/2025, 17:00:00",46277.66666
Navegantes,"22/12/2025, 18:00:00",66368.07026
Navegantes,"22/12/2025, 19:00:00",81213.36831
Navegantes,"22/12/2025, 20:00:00",71054.32766
Navegantes,"22/12/2025, 21:00:00",61190.06474
Navegantes,"22/12/2025, 22:00:00",59867.17399
Navegantes,"22/12/2025, 23:00:00",51902.17078
Navegantes,"23/12/2025, 0:00:00",23731.26922
Navegantes,"23/12/2025, 1:00:00",14359.75503
Navegantes,"23/12/2025, 2:00:00",13506.23071
Navegantes,"23/12/2025, 3:00:00",13045.99278
Navegantes,"23/12/2025, 4:00:00",12894.16158
Navegantes,"23/12/2025, 5:00:00",12643.97364
Navegantes,"23/12/2025, 6:00:00",11427.91612
Navegantes,"23/12/2025, 7:00:00",13216.15324
Navegantes,"23/12/2025, 8:00:00",30385.47316
Navegantes,"23/12/2025, 9:00:00",48351.27747
Navegantes,"23/12/2025, 10:00:00",64244.10406
Navegantes,"23/12/2025, 11:00:00",73184.20416
Navegantes,"23/12/2025, 12:00:00",77763.68074
Navegantes,"23/12/2025, 13:00:00",74035.26298
Navegantes,"23/12/2025, 14:00:00",70406.38485
Navegantes,"23/12/2025, 15:00:00",50978.34539
Navegantes,"23/12/2025, 16:00:00",47024.11759
Navegantes,"23/12/2025, 17:00:00",62706.11402
Navegantes,"23/12/2025, 18:00:00",66893.32513
Navegantes,"23/12/2025, 19:00:00",79065.81208
Navegantes,"23/12/2025, 20:00:00",73308.61321
Navegantes,"23/12/2025, 21:00:00",68380.63995
Navegantes,"23/12/2025, 22:00:00",58133.88031
Navegantes,"23/12/2025, 23:00:00",37845.88611
Navegantes,"24/12/2025, 0:00:00",18996.19392
Navegantes,"24/12/2025, 1:00:00",12718.97888
Navegantes,"24/12/2025, 2:00:00",12287.68997
Navegantes,"24/12/2025, 3:00:00",10769.6507
Navegantes,"24/12/2025, 4:00:00",12681.10199
Navegantes,"24/12/2025, 5:00:00",12580.99481
Navegantes,"24/12/2025, 6:00:00",16675.23261
Navegantes,"24/12/2025, 7:00:00",13187.39461
Navegantes,"24/12/2025, 8:00:00",14574.73043
Navegantes,"24/12/2025, 9:00:00",35866.91395
Navegantes,"24/12/2025, 10:00:00",38373.8915
Navegantes,"24/12/2025, 11:00:00",61274.66417
Navegantes,"24/12/2025, 12:00:00",62841.84049
Navegantes,"24/12/2025, 13:00:00",60291.28437
Navegantes,"24/12/2025, 14:00:00",56616.7746
Navegantes,"24/12/2025, 15:00:00",22994.00921
Navegantes,"24/12/2025, 16:00:00",11532.06634
Navegantes,"24/12/2025, 17:00:00",9733.281242
Navegantes,"24/12/2025, 18:00:00",9877.963861
Navegantes,"24/12/2025, 19:00:00",10472.90877
Navegantes,"24/12/2025, 20:00:00",10425.95721
Navegantes,"24/12/2025, 21:00:00",12541.25256
Navegantes,"24/12/2025, 22:00:00",17915.74666
Navegantes,"24/12/2025, 23:00:00",17399.73121
Navegantes,"25/12/2025, 0:00:00",14655.50293
Navegantes,"25/12/2025, 1:00:00",13614.40361
Navegantes,"25/12/2025, 2:00:00",13682.43735
Navegantes,"25/12/2025, 3:00:00",13505.90819
Navegantes,"25/12/2025, 4:00:00",13216.83206
Navegantes,"25/12/2025, 5:00:00",10301.22377
Navegantes,"25/12/2025, 6:00:00",8870.202269
Navegantes,"25/12/2025, 7:00:00",9736.881733
Navegantes,"25/12/2025, 8:00:00",23818.77918
Navegantes,"25/12/2025, 9:00:00",34014.76999
Navegantes,"25/12/2025, 10:00:00",55089.2037
Navegantes,"25/12/2025, 11:00:00",61147.54927
Navegantes,"25/12/2025, 12:00:00",68867.2358
Navegantes,"25/12/2025, 13:00:00",67119.01783
Navegantes,"25/12/2025, 14:00:00",65995.6159
Navegantes,"25/12/2025, 15:00:00",63076.9889
Navegantes,"25/12/2025, 16:00:00",53321.17204
Navegantes,"25/12/2025, 17:00:00",42790.64404
Navegantes,"25/12/2025, 18:00:00",59259.91206
Navegantes,"25/12/2025, 19:00:00",65791.79612
Navegantes,"25/12/2025, 20:00:00",62485.57756
Navegantes,"25/12/2025, 21:00:00",58913.88706
Navegantes,"25/12/2025, 22:00:00",51759.64516
Navegantes,"25/12/2025, 23:00:00",17153.60504
Navegantes,"26/12/2025, 0:00:00",12507.4699
Navegantes,"26/12/2025, 1:00:00",10958.48069
Navegantes,"26/12/2025, 2:00:00",10784.29243
Navegantes,"26/12/2025, 3:00:00",10164.04218
Navegantes,"26/12/2025, 4:00:00",9990.689353
Navegantes,"26/12/2025, 5:00:00",9955.631783
Navegantes,"26/12/2025, 6:00:00",10078.92666
Navegantes,"26/12/2025, 7:00:00",9945.640789
Navegantes,"26/12/2025, 8:00:00",20760.50681
Navegantes,"26/12/2025, 9:00:00",34558.03773
Navegantes,"26/12/2025, 10:00:00",53339.3487
Navegantes,"26/12/2025, 11:00:00",70264.73032
Navegantes,"26/12/2025, 12:00:00",63970.54854
Navegantes,"26/12/2025, 13:00:00",70305.19054
Navegantes,"26/12/2025, 14:00:00",65114.58845
Navegantes,"26/12/2025, 15:00:00",25967.45249
Navegantes,"26/12/2025, 16:00:00",51148.90182
Navegantes,"26/12/2025, 17:00:00",71524.26927
Navegantes,"26/12/2025, 18:00:00",72082.25553
Navegantes,"26/12/2025, 19:00:00",80092.27158
Navegantes,"26/12/2025, 20:00:00",80289.40559
Navegantes,"26/12/2025, 21:00:00",73860.15607
Navegantes,"26/12/2025, 22:00:00",68415.24668
Navegantes,"26/12/2025, 23:00:00",40118.51808
Navegantes,"27/12/2025, 0:00:00",12963.96892
Navegantes,"27/12/2025, 1:00:00",12225.59553
Navegantes,"27/12/2025, 2:00:00",11073.38861
Navegantes,"27/12/2025, 3:00:00",10896.81282
Navegantes,"27/12/2025, 4:00:00",10679.71288
Navegantes,"27/12/2025, 5:00:00",10478.79583
Navegantes,"27/12/2025, 6:00:00",10334.03097
Navegantes,"27/12/2025, 7:00:00",9338.946517
Navegantes,"27/12/2025, 8:00:00",15226.21711
Navegantes,"27/12/2025, 9:00:00",29584.09101
Navegantes,"27/12/2025, 10:00:00",51535.588
Navegantes,"27/12/2025, 11:00:00",66959.72293
Navegantes,"27/12/2025, 12:00:00",69022.89494
Navegantes,"27/12/2025, 13:00:00",73750.36089
Navegantes,"27/12/2025, 14:00:00",68542.80865
Navegantes,"27/12/2025, 15:00:00",63026.59401
Navegantes,"27/12/2025, 16:00:00",36839.35952
Navegantes,"27/12/2025, 17:00:00",61501.01914
Navegantes,"27/12/2025, 18:00:00",68113.26591
Navegantes,"27/12/2025, 19:00:00",69499.7784
Navegantes,"27/12/2025, 20:00:00",65437.59097
Navegantes,"27/12/2025, 21:00:00",65364.12341
Navegantes,"27/12/2025, 22:00:00",59717.02243
Navegantes,"27/12/2025, 23:00:00",38006.15813
Navegantes,"28/12/2025, 0:00:00",12496.39783
Navegantes,"28/12/2025, 1:00:00",11551.00587
Navegantes,"28/12/2025, 2:00:00",15260.14961
Navegantes,"28/12/2025, 3:00:00",10637.14307
Navegantes,"28/12/2025, 4:00:00",9894.808433
Navegantes,"28/12/2025, 5:00:00",9228.555301
Navegantes,"28/12/2025, 6:00:00",9943.549181
Navegantes,"28/12/2025, 7:00:00",10016.74391
Navegantes,"28/12/2025, 8:00:00",16813.10676
Navegantes,"28/12/2025, 9:00:00",48174.78086
Navegantes,"28/12/2025, 10:00:00",57406.66405
Navegantes,"28/12/2025, 11:00:00",70844.06307
Navegantes,"28/12/2025, 12:00:00",67268.53872
Navegantes,"28/12/2025, 13:00:00",75425.94663
Navegantes,"28/12/2025, 14:00:00",75112.18666
Navegantes,"28/12/2025, 15:00:00",74084.51791
Navegantes,"28/12/2025, 16:00:00",68297.92472
Navegantes,"28/12/2025, 17:00:00",64209.89147
Navegantes,"28/12/2025, 18:00:00",63318.71724
Navegantes,"28/12/2025, 19:00:00",68250.85568
Navegantes,"28/12/2025, 20:00:00",69500.42028
Navegantes,"28/12/2025, 21:00:00",64413.71507
Navegantes,"28/12/2025, 22:00:00",60067.98405
Navegantes,"28/12/2025, 23:00:00",25571.89756
Navegantes,"29/12/2025, 0:00:00",10945.11651
Navegantes,"29/12/2025, 1:00:00",13423.76934
Navegantes,"29/12/2025, 2:00:00",17738.07972
Navegantes,"29/12/2025, 3:00:00",10060.33236
Navegantes,"29/12/2025, 4:00:00",9478.701472
Navegantes,"29/12/2025, 5:00:00",15406.91049
Navegantes,"29/12/2025, 6:00:00",10110.16973
Navegantes,"29/12/2025, 7:00:00",9693.167128
Navegantes,"29/12/2025, 8:00:00",16213.56068
Navegantes,"29/12/2025, 9:00:00",33155.64313
Navegantes,"29/12/2025, 10:00:00",51295.78967
Navegantes,"29/12/2025, 11:00:00",69344.61954
Navegantes,"29/12/2025, 12:00:00",68106.46971
Navegantes,"29/12/2025, 13:00:00",71768.0484
Navegantes,"29/12/2025, 14:00:00",69760.01287
Navegantes,"29/12/2025, 15:00:00",65962.14155
Navegantes,"29/12/2025, 16:00:00",52927.39501
Navegantes,"29/12/2025, 17:00:00",63478.68174
Navegantes,"29/12/2025, 18:00:00",60042.43058
Navegantes,"29/12/2025, 19:00:00",65884.61364
Navegantes,"29/12/2025, 20:00:00",75175.16058
Navegantes,"29/12/2025, 21:00:00",65902.07599
Navegantes,"29/12/2025, 22:00:00",59051.45198
Navegantes,"29/12/2025, 23:00:00",46336.05322
Navegantes,"30/12/2025, 0:00:00",16195.02154
Navegantes,"30/12/2025, 1:00:00",11674.70711
Navegantes,"30/12/2025, 2:00:00",10089.88029
Navegantes,"30/12/2025, 3:00:00",10771.75704
Navegantes,"30/12/2025, 4:00:00",10035.95649
Navegantes,"30/12/2025, 5:00:00",9445.004392
Navegantes,"30/12/2025, 6:00:00",8955.964114
Navegantes,"30/12/2025, 7:00:00",8863.753667
Navegantes,"30/12/2025, 8:00:00",27580.06248
Navegantes,"30/12/2025, 9:00:00",45916.05948
Navegantes,"30/12/2025, 10:00:00",69700.60779
Navegantes,"30/12/2025, 11:00:00",57121.96714
Navegantes,"30/12/2025, 12:00:00",57602.68204
Navegantes,"30/12/2025, 13:00:00",65593.50179
Navegantes,"30/12/2025, 14:00:00",59068.12828
Navegantes,"30/12/2025, 15:00:00",36815.32626
Navegantes,"30/12/2025, 16:00:00",36518.63376
Navegantes,"30/12/2025, 17:00:00",55571.80385
Navegantes,"30/12/2025, 18:00:00",59905.10403
Navegantes,"30/12/2025, 19:00:00",62458.84236
Navegantes,"30/12/2025, 20:00:00",68334.31529
Navegantes,"30/12/2025, 21:00:00",60924.34516
Navegantes,"30/12/2025, 22:00:00",54863.05658
Navegantes,"30/12/2025, 23:00:00",35365.44341
Navegantes,"31/12/2025, 0:00:00",13331.491
Navegantes,"31/12/2025, 1:00:00",12539.95748
Navegantes,"31/12/2025, 2:00:00",12790.24237
Navegantes,"31/12/2025, 3:00:00",11677.6829
Navegantes,"31/12/2025, 4:00:00",10328.70594
Navegantes,"31/12/2025, 5:00:00",10619.05859
Navegantes,"31/12/2025, 6:00:00",11213.00456
Navegantes,"31/12/2025, 7:00:00",10651.85763
Navegantes,"31/12/2025, 8:00:00",18332.69118
Navegantes,"31/12/2025, 9:00:00",35218.23489
Navegantes,"31/12/2025, 10:00:00",46877.68709
Navegantes,"31/12/2025, 11:00:00",58930.65309
Navegantes,"31/12/2025, 12:00:00",60599.84325
Navegantes,"31/12/2025, 13:00:00",65638.06365
Navegantes,"31/12/2025, 14:00:00",57637.4547
Navegantes,"31/12/2025, 15:00:00",29409.29198
Navegantes,"31/12/2025, 16:00:00",11947.11795
Navegantes,"31/12/2025, 17:00:00",11898.40839
Navegantes,"31/12/2025, 18:00:00",12276.13714
Navegantes,"31/12/2025, 19:00:00",11480.18227
Navegantes,"31/12/2025, 20:00:00",11258.70967
Navegantes,"31/12/2025, 21:00:00",11108.68858
Navegantes,"31/12/2025, 22:00:00",14655.56072
Navegantes,"31/12/2025, 23:00:00",14745.27123
Navegantes,"01/01/2026, 0:00:00",14409.28559
Navegantes,"01/01/2026, 1:00:00",14667.68577
Navegantes,"01/01/2026, 2:00:00",14338.21239
Navegantes,"01/01/2026, 3:00:00",13500.20855
Navegantes,"01/01/2026, 4:00:00",13694.73038
Navegantes,"01/01/2026, 5:00:00",13386.09064
Navegantes,"01/01/2026, 6:00:00",13583.06876
Navegantes,"01/01/2026, 7:00:00",13807.79168
Navegantes,"01/01/2026, 8:00:00",25516.14946
Navegantes,"01/01/2026, 9:00:00",35761.15151
Navegantes,"01/01/2026, 10:00:00",45256.27253
Navegantes,"01/01/2026, 11:00:00",67916.12977
Navegantes,"01/01/2026, 12:00:00",72080.78083
Navegantes,"01/01/2026, 13:00:00",79210.77269
Navegantes,"01/01/2026, 14:00:00",70133.56344
Navegantes,"01/01/2026, 15:00:00",75072.38806
Navegantes,"01/01/2026, 16:00:00",67039.13805
Navegantes,"01/01/2026, 17:00:00",62150.10979
Navegantes,"01/01/2026, 18:00:00",59978.01961
Navegantes,"01/01/2026, 19:00:00",70309.34985
Navegantes,"01/01/2026, 20:00:00",66302.00177
Navegantes,"01/01/2026, 21:00:00",65063.77462
Navegantes,"01/01/2026, 22:00:00",65276.44987
Navegantes,"01/01/2026, 23:00:00",41599.67575
Navegantes,"02/01/2026, 0:00:00",14321.06246
Navegantes,"02/01/2026, 1:00:00",11275.91624
Navegantes,"02/01/2026, 2:00:00",10750.55782
Navegantes,"02/01/2026, 3:00:00",9628.179528
Navegantes,"02/01/2026, 4:00:00",9483.5728
Navegantes,"02/01/2026, 5:00:00",9388.636378
Navegantes,"02/01/2026, 6:00:00",9656.866722
Navegantes,"02/01/2026, 7:00:00",10000.52816
Navegantes,"02/01/2026, 8:00:00",23826.97066
Navegantes,"02/01/2026, 9:00:00",44082.7
Navegantes,"02/01/2026, 10:00:00",54601.91419
Navegantes,"02/01/2026, 11:00:00",65077.45154
Navegantes,"02/01/2026, 12:00:00",63334.34517
Navegantes,"02/01/2026, 13:00:00",64766.1563
Navegantes,"02/01/2026, 14:00:00",67779.52293
Navegantes,"02/01/2026, 15:00:00",49644.45474
Navegantes,"02/01/2026, 16:00:00",42499.37803
Navegantes,"02/01/2026, 17:00:00",66197.93468
Navegantes,"02/01/2026, 18:00:00",62523.26411
Navegantes,"02/01/2026, 19:00:00",66724.24244
Navegantes,"02/01/2026, 20:00:00",72749.28105
Navegantes,"02/01/2026, 21:00:00",67255.98826
Navegantes,"02/01/2026, 22:00:00",59822.24946
Navegantes,"02/01/2026, 23:00:00",33312.46949
Navegantes,"03/01/2026, 0:00:00",14097.05851
Navegantes,"03/01/2026, 1:00:00",13262.80144
Navegantes,"03/01/2026, 2:00:00",12241.61863
Navegantes,"03/01/2026, 3:00:00",10853.62366
Navegantes,"03/01/2026, 4:00:00",11258.83704
Navegantes,"03/01/2026, 5:00:00",10197.99036
Navegantes,"03/01/2026, 6:00:00",10019.27756
Navegantes,"03/01/2026, 7:00:00",10089.04039
Navegantes,"03/01/2026, 8:00:00",14405.66038
Navegantes,"03/01/2026, 9:00:00",26332.40598
Navegantes,"03/01/2026, 10:00:00",49768.4732
Navegantes,"03/01/2026, 11:00:00",54050.4277
Navegantes,"03/01/2026, 12:00:00",69385.91655
Navegantes,"03/01/2026, 13:00:00",75448.09848
Navegantes,"03/01/2026, 14:00:00",68612.94994
Navegantes,"03/01/2026, 15:00:00",68084.0037
Navegantes,"03/01/2026, 16:00:00",66630.21251
Navegantes,"03/01/2026, 17:00:00",70436.55057
Navegantes,"03/01/2026, 18:00:00",64187.38756
Navegantes,"03/01/2026, 19:00:00",78957.06252
Navegantes,"03/01/2026, 20:00:00",69835.38776
Navegantes,"03/01/2026, 21:00:00",65866.40909
Navegantes,"03/01/2026, 22:00:00",57469.51069
Navegantes,"03/01/2026, 23:00:00",25943.86188
Navegantes,"04/01/2026, 0:00:00",13255.4145
Navegantes,"04/01/2026, 1:00:00",11332.68314
Navegantes,"04/01/2026, 2:00:00",10745.06634
Navegantes,"04/01/2026, 3:00:00",10822.99131
Navegantes,"04/01/2026, 4:00:00",10983.07639
Navegantes,"04/01/2026, 5:00:00",10637.2027
Navegantes,"04/01/2026, 6:00:00",10831.90635
Navegantes,"04/01/2026, 7:00:00",10173.41512
Navegantes,"04/01/2026, 8:00:00",16636.74926
Navegantes,"04/01/2026, 9:00:00",36453.68378
Navegantes,"04/01/2026, 10:00:00",53880.67217
Navegantes,"04/01/2026, 11:00:00",79387.9857
Navegantes,"04/01/2026, 12:00:00",74497.22656
Navegantes,"04/01/2026, 13:00:00",77839.48609
Navegantes,"04/01/2026, 14:00:00",70336.01902
Navegantes,"04/01/2026, 15:00:00",78658.30062
Navegantes,"04/01/2026, 16:00:00",66717.52878
Navegantes,"04/01/2026, 17:00:00",61204.10648
Navegantes,"04/01/2026, 18:00:00",61150.54944
Navegantes,"04/01/2026, 19:00:00",61003.49785
Navegantes,"04/01/2026, 20:00:00",64221.37647
Navegantes,"04/01/2026, 21:00:00",66175.82819
Navegantes,"04/01/2026, 22:00:00",61473.21121
Navegantes,"04/01/2026, 23:00:00",22220.20601
Navegantes,"05/01/2026, 0:00:00",13336.54562
Navegantes,"05/01/2026, 1:00:00",11645.76193
Navegantes,"05/01/2026, 2:00:00",13143.30604
Navegantes,"05/01/2026, 3:00:00",10533.34793
Navegantes,"05/01/2026, 4:00:00",9966.474119
Navegantes,"05/01/2026, 5:00:00",9717.540771
Navegantes,"05/01/2026, 6:00:00",10100.81395
Navegantes,"05/01/2026, 7:00:00",10053.0258
Navegantes,"05/01/2026, 8:00:00",11428.42877
Navegantes,"05/01/2026, 9:00:00",32903.81212
Navegantes,"05/01/2026, 10:00:00",31647.43236
Navegantes,"05/01/2026, 11:00:00",62896.75433
Navegantes,"05/01/2026, 12:00:00",58429.86659
Navegantes,"05/01/2026, 13:00:00",58443.68798
Navegantes,"05/01/2026, 14:00:00",65725.58447
Navegantes,"05/01/2026, 15:00:00",62487.77423
Navegantes,"05/01/2026, 16:00:00",38208.34136
Navegantes,"05/01/2026, 17:00:00",65697.24456
Navegantes,"05/01/2026, 18:00:00",63466.67483
Navegantes,"05/01/2026, 19:00:00",68304.79479
Navegantes,"05/01/2026, 20:00:00",73404.27644
Navegantes,"05/01/2026, 21:00:00",65584.76067
Navegantes,"05/01/2026, 22:00:00",62493.02669
Navegantes,"05/01/2026, 23:00:00",23027.005
Navegantes,"06/01/2026, 0:00:00",12553.89838
Navegantes,"06/01/2026, 1:00:00",10737.51356
Navegantes,"06/01/2026, 2:00:00",10162.43698
Navegantes,"06/01/2026, 3:00:00",9519.935223
Navegantes,"06/01/2026, 4:00:00",9688.805497
Navegantes,"06/01/2026, 5:00:00",9783.272942
Navegantes,"06/01/2026, 6:00:00",9837.182242
Navegantes,"06/01/2026, 7:00:00",8805.218725
Navegantes,"06/01/2026, 8:00:00",17668.99771
Navegantes,"06/01/2026, 9:00:00",25935.82416
Navegantes,"06/01/2026, 10:00:00",56571.72297
Navegantes,"06/01/2026, 11:00:00",55840.11484
Navegantes,"06/01/2026, 12:00:00",61349.43068
Navegantes,"06/01/2026, 13:00:00",58571.59607
Navegantes,"06/01/2026, 14:00:00",55384.14968
Navegantes,"06/01/2026, 15:00:00",36885.17472
Navegantes,"06/01/2026, 16:00:00",41436.84624
Navegantes,"06/01/2026, 17:00:00",70325.25889
Navegantes,"06/01/2026, 18:00:00",64479.78071
Navegantes,"06/01/2026, 19:00:00",67627.34577
Navegantes,"06/01/2026, 20:00:00",77351.09529
Navegantes,"06/01/2026, 21:00:00",64884.32997
Navegantes,"06/01/2026, 22:00:00",53372.24164
Navegantes,"06/01/2026, 23:00:00",24272.63662
Navegantes,"07/01/2026, 0:00:00",12661.43996
Navegantes,"07/01/2026, 1:00:00",10631.25624
Navegantes,"07/01/2026, 2:00:00",10472.20534
Navegantes,"07/01/2026, 3:00:00",9839.5994
Navegantes,"07/01/2026, 4:00:00",9478.234781
Navegantes,"07/01/2026, 5:00:00",9665.907617
Navegantes,"07/01/2026, 6:00:00",9206.237336
Navegantes,"07/01/2026, 7:00:00",9775.874111
Navegantes,"07/01/2026, 8:00:00",16963.32563
Navegantes,"07/01/2026, 9:00:00",33835.30866
Navegantes,"07/01/2026, 10:00:00",50106.29615
Navegantes,"07/01/2026, 11:00:00",71711.92772
Navegantes,"07/01/2026, 12:00:00",72771.41092
Navegantes,"07/01/2026, 13:00:00",66448.14797
Navegantes,"07/01/2026, 14:00:00",70553.90723
Navegantes,"07/01/2026, 15:00:00",50505.06845
Navegantes,"07/01/2026, 16:00:00",42361.78057
Navegantes,"07/01/2026, 17:00:00",68624.13986
Navegantes,"07/01/2026, 18:00:00",74582.23788
Navegantes,"07/01/2026, 19:00:00",77834.99809
Navegantes,"07/01/2026, 20:00:00",79114.72901
Navegantes,"07/01/2026, 21:00:00",70828.79511
Navegantes,"07/01/2026, 22:00:00",62883.43705
Navegantes,"07/01/2026, 23:00:00",44726.87641
Navegantes,"08/01/2026, 0:00:00",17386.97326
Navegantes,"08/01/2026, 1:00:00",14139.21017
Navegantes,"08/01/2026, 2:00:00",12738.397
Navegantes,"08/01/2026, 3:00:00",10990.3818
Navegantes,"08/01/2026, 4:00:00",12059.89404
Navegantes,"08/01/2026, 5:00:00",11105.96795
Navegantes,"08/01/2026, 6:00:00",11068.70771
Navegantes,"08/01/2026, 7:00:00",10504.49645
Navegantes,"08/01/2026, 8:00:00",14722.12281
Navegantes,"08/01/2026, 9:00:00",31012.49999
Navegantes,"08/01/2026, 10:00:00",50287.92031
Navegantes,"08/01/2026, 11:00:00",60557.42798
Navegantes,"08/01/2026, 12:00:00",68458.62417
Navegantes,"08/01/2026, 13:00:00",73357.76976
Navegantes,"08/01/2026, 14:00:00",61718.05291
Navegantes,"08/01/2026, 15:00:00",40792.04742
Navegantes,"08/01/2026, 16:00:00",36678.71392
Navegantes,"08/01/2026, 17:00:00",61093.53528
Navegantes,"08/01/2026, 18:00:00",71999.75907
Navegantes,"08/01/2026, 19:00:00",73144.05222
Navegantes,"08/01/2026, 20:00:00",73779.43968
Navegantes,"08/01/2026, 21:00:00",68321.40333
Navegantes,"08/01/2026, 22:00:00",63677.27215
Navegantes,"08/01/2026, 23:00:00",37551.65916
Navegantes,"09/01/2026, 0:00:00",14752.26185
Navegantes,"09/01/2026, 1:00:00",11902.35029
Navegantes,"09/01/2026, 2:00:00",11384.0084
Navegantes,"09/01/2026, 3:00:00",11509.64942
Navegantes,"09/01/2026, 4:00:00",11014.73882
Navegantes,"09/01/2026, 5:00:00",10271.70925
Navegantes,"09/01/2026, 6:00:00",8704.590522
Navegantes,"09/01/2026, 7:00:00",9839.949425
Navegantes,"09/01/2026, 8:00:00",17302.92405
Navegantes,"09/01/2026, 9:00:00",32545.47877
Navegantes,"09/01/2026, 10:00:00",54047.72999
Navegantes,"09/01/2026, 11:00:00",74096.98486
Navegantes,"09/01/2026, 12:00:00",73158.84171
Navegantes,"09/01/2026, 13:00:00",75128.07262
Navegantes,"09/01/2026, 14:00:00",73985.92231
Navegantes,"09/01/2026, 15:00:00",66159.9745
Navegantes,"09/01/2026, 16:00:00",42019.22811
Navegantes,"09/01/2026, 17:00:00",68798.32771
Navegantes,"09/01/2026, 18:00:00",64303.12603
Navegantes,"09/01/2026, 19:00:00",66881.30929
Navegantes,"09/01/2026, 20:00:00",73304.13805
Navegantes,"09/01/2026, 21:00:00",66308.46977
Navegantes,"09/01/2026, 22:00:00",61238.8531
Navegantes,"09/01/2026, 23:00:00",48825.88311
Navegantes,"10/01/2026, 0:00:00",13614.16438
Navegantes,"10/01/2026, 1:00:00",13292.56113
Navegantes,"10/01/2026, 2:00:00",12931.31779
Navegantes,"10/01/2026, 3:00:00",12608.14704
Navegantes,"10/01/2026, 4:00:00",11827.44194
Navegantes,"10/01/2026, 5:00:00",11012.55888
Navegantes,"10/01/2026, 6:00:00",10548.83004
Navegantes,"10/01/2026, 7:00:00",10386.78352
Navegantes,"10/01/2026, 8:00:00",16148.58245
Navegantes,"10/01/2026, 9:00:00",28121.90708
Navegantes,"10/01/2026, 10:00:00",47408.9673
Navegantes,"10/01/2026, 11:00:00",64257.52188
Navegantes,"10/01/2026, 12:00:00",68775.49495
Navegantes,"10/01/2026, 13:00:00",66435.52856
Navegantes,"10/01/2026, 14:00:00",67619.75535
Navegantes,"10/01/2026, 15:00:00",65258.47443
Navegantes,"10/01/2026, 16:00:00",71668.84663
Navegantes,"10/01/2026, 17:00:00",67738.96014
Navegantes,"10/01/2026, 18:00:00",60277.29626
Navegantes,"10/01/2026, 19:00:00",70357.16835
Navegantes,"10/01/2026, 20:00:00",62300.44968
Navegantes,"10/01/2026, 21:00:00",62070.5468
Navegantes,"10/01/2026, 22:00:00",56246.33562
Navegantes,"10/01/2026, 23:00:00",33375.41244
Navegantes,"11/01/2026, 0:00:00",13761.81135
Navegantes,"11/01/2026, 1:00:00",12428.23789
Navegantes,"11/01/2026, 2:00:00",12366.44886
Navegantes,"11/01/2026, 3:00:00",12028.45755
Navegantes,"11/01/2026, 4:00:00",11685.17261
Navegantes,"11/01/2026, 5:00:00",9884.551553
Navegantes,"11/01/2026, 6:00:00",10440.28626
Navegantes,"11/01/2026, 7:00:00",10207.88262
Navegantes,"11/01/2026, 8:00:00",17700.33963
Navegantes,"11/01/2026, 9:00:00",29931.00801
Navegantes,"11/01/2026, 10:00:00",46048.18099
Navegantes,"11/01/2026, 11:00:00",72032.94901
Navegantes,"11/01/2026, 12:00:00",75126.34636
Navegantes,"11/01/2026, 13:00:00",76059.58208
Navegantes,"11/01/2026, 14:00:00",69849.85406
Navegantes,"11/01/2026, 15:00:00",75967.81967
Navegantes,"11/01/2026, 16:00:00",66856.94425
Navegantes,"11/01/2026, 17:00:00",65032.58414
Navegantes,"11/01/2026, 18:00:00",74219.67553
Navegantes,"11/01/2026, 19:00:00",74861.45639
Navegantes,"11/01/2026, 20:00:00",72540.7044
MedNavegantes,"17/12/2025, 10:00:00",62101.4006
MedNavegantes,"17/12/2025, 11:00:00",72048.55138
MedNavegantes,"17/12/2025, 12:00:00",57578.43182
MedNavegantes,"17/12/2025, 13:00:00",66247.52862
MedNavegantes,"17/12/2025, 14:00:00",54018.8266
MedNavegantes,"17/12/2025, 15:00:00",49833.10365
MedNavegantes,"17/12/2025, 16:00:00",61366.66811
MedNavegantes,"17/12/2025, 17:00:00",55864.72967
MedNavegantes,"17/12/2025, 18:00:00",51046.14346
MedNavegantes,"17/12/2025, 19:00:00",72439.22076
MedNavegantes,"17/12/2025, 20:00:00",69744.94119
MedNavegantes,"17/12/2025, 21:00:00",59780.00143
MedNavegantes,"17/12/2025, 22:00:00",52702.75453
MedNavegantes,"17/12/2025, 23:00:00",45423.56712
MedNavegantes,"18/12/2025, 0:00:00",21472.88225
MedNavegantes,"18/12/2025, 1:00:00",12847.17169
MedNavegantes,"18/12/2025, 2:00:00",11600.80735
MedNavegantes,"18/12/2025, 3:00:00",12002.66669
MedNavegantes,"18/12/2025, 4:00:00",11570.58701
MedNavegantes,"18/12/2025, 5:00:00",11505.36512
MedNavegantes,"18/12/2025, 6:00:00",11087.12719
MedNavegantes,"18/12/2025, 7:00:00",9956.345844
MedNavegantes,"18/12/2025, 8:00:00",18567.61132
MedNavegantes,"18/12/2025, 9:00:00",35063.83135
MedNavegantes,"18/12/2025, 10:00:00",63803.99882
MedNavegantes,"18/12/2025, 11:00:00",68193.32779
MedNavegantes,"18/12/2025, 12:00:00",67116.95225
MedNavegantes,"18/12/2025, 13:00:00",69738.52728
MedNavegantes,"18/12/2025, 14:00:00",67923.99284
MedNavegantes,"18/12/2025, 15:00:00",61135.75837
MedNavegantes,"18/12/2025, 16:00:00",53178.74419
MedNavegantes,"18/12/2025, 17:00:00",56329.62112
MedNavegantes,"18/12/2025, 18:00:00",61376.0845
MedNavegantes,"18/12/2025, 19:00:00",71360.61463
MedNavegantes,"18/12/2025, 20:00:00",75969.35624
MedNavegantes,"18/12/2025, 21:00:00",67553.26473
MedNavegantes,"18/12/2025, 22:00:00",60533.77213
MedNavegantes,"18/12/2025, 23:00:00",51754.50051
MedNavegantes,"19/12/2025, 0:00:00",18399.65434
MedNavegantes,"19/12/2025, 1:00:00",12849.69478
MedNavegantes,"19/12/2025, 2:00:00",12623.55603
MedNavegantes,"19/12/2025, 3:00:00",12264.87995
MedNavegantes,"19/12/2025, 4:00:00",11230.74136
MedNavegantes,"19/12/2025, 5:00:00",11141.41843
MedNavegantes,"19/12/2025, 6:00:00",10817.89385
MedNavegantes,"19/12/2025, 7:00:00",10456.34097
MedNavegantes,"19/12/2025, 8:00:00",18520.39024
MedNavegantes,"19/12/2025, 9:00:00",36684.84415
MedNavegantes,"19/12/2025, 10:00:00",54365.23647
MedNavegantes,"19/12/2025, 11:00:00",65376.63542
MedNavegantes,"19/12/2025, 12:00:00",66857.63594
MedNavegantes,"19/12/2025, 13:00:00",67518.0434
MedNavegantes,"19/12/2025, 14:00:00",65717.93857
MedNavegantes,"19/12/2025, 15:00:00",63254.95563
MedNavegantes,"19/12/2025, 16:00:00",53947.86102
MedNavegantes,"19/12/2025, 17:00:00",52654.82833
MedNavegantes,"19/12/2025, 18:00:00",64563.3883
MedNavegantes,"19/12/2025, 19:00:00",80091.92694
MedNavegantes,"19/12/2025, 20:00:00",72244.09165
MedNavegantes,"19/12/2025, 21:00:00",68839.04671
MedNavegantes,"19/12/2025, 22:00:00",64431.01392
MedNavegantes,"19/12/2025, 23:00:00",57982.31188
MedNavegantes,"20/12/2025, 0:00:00",19008.54712
MedNavegantes,"20/12/2025, 1:00:00",13796.22354
MedNavegantes,"20/12/2025, 2:00:00",12568.13451
MedNavegantes,"20/12/2025, 3:00:00",11804.27788
MedNavegantes,"20/12/2025, 4:00:00",11632.48635
MedNavegantes,"20/12/2025, 5:00:00",11156.32827
MedNavegantes,"20/12/2025, 6:00:00",11636.24581
MedNavegantes,"20/12/2025, 7:00:00",10730.54831
MedNavegantes,"20/12/2025, 8:00:00",16040.98882
MedNavegantes,"20/12/2025, 9:00:00",27067.18372
MedNavegantes,"20/12/2025, 10:00:00",49652.27048
MedNavegantes,"20/12/2025, 11:00:00",70149.32564
MedNavegantes,"20/12/2025, 12:00:00",71296.26154
MedNavegantes,"20/12/2025, 13:00:00",75313.17698
MedNavegantes,"20/12/2025, 14:00:00",70661.10089
MedNavegantes,"20/12/2025, 15:00:00",73764.36154
MedNavegantes,"20/12/2025, 16:00:00",69585.16863
MedNavegantes,"20/12/2025, 17:00:00",75785.76481
MedNavegantes,"20/12/2025, 18:00:00",69826.61591
MedNavegantes,"20/12/2025, 19:00:00",80420.97099
MedNavegantes,"20/12/2025, 20:00:00",74908.51868
MedNavegantes,"20/12/2025, 21:00:00",64914.76754
MedNavegantes,"20/12/2025, 22:00:00",63929.52142
MedNavegantes,"20/12/2025, 23:00:00",48071.3077
MedNavegantes,"21/12/2025, 0:00:00",12805.73118
MedNavegantes,"21/12/2025, 1:00:00",10868.58121
MedNavegantes,"21/12/2025, 2:00:00",10152.13059
MedNavegantes,"21/12/2025, 3:00:00",10813.87839
MedNavegantes,"21/12/2025, 4:00:00",10735.81535
MedNavegantes,"21/12/2025, 5:00:00",10272.83994
MedNavegantes,"21/12/2025, 6:00:00",9193.222615
MedNavegantes,"21/12/2025, 7:00:00",9235.120417
MedNavegantes,"21/12/2025, 8:00:00",13997.77915
MedNavegantes,"21/12/2025, 9:00:00",33186.83934
MedNavegantes,"21/12/2025, 10:00:00",44801.83082
MedNavegantes,"21/12/2025, 11:00:00",47516.01278
MedNavegantes,"21/12/2025, 12:00:00",73956.49611
MedNavegantes,"21/12/2025, 13:00:00",73789.83768
MedNavegantes,"21/12/2025, 14:00:00",69872.83446
MedNavegantes,"21/12/2025, 15:00:00",63364.71099
MedNavegantes,"21/12/2025, 16:00:00",61576.29096
MedNavegantes,"21/12/2025, 17:00:00",66270.86081
MedNavegantes,"21/12/2025, 18:00:00",63872.97011
MedNavegantes,"21/12/2025, 19:00:00",76603.70754
MedNavegantes,"21/12/2025, 20:00:00",69911.5669
MedNavegantes,"21/12/2025, 21:00:00",62106.80211
MedNavegantes,"21/12/2025, 22:00:00",58141.01841
MedNavegantes,"21/12/2025, 23:00:00",17980.20852
MedNavegantes,"22/12/2025, 0:00:00",11143.24046
MedNavegantes,"22/12/2025, 1:00:00",10478.31869
MedNavegantes,"22/12/2025, 2:00:00",11256.48606
MedNavegantes,"22/12/2025, 3:00:00",10410.80401
MedNavegantes,"22/12/2025, 4:00:00",9586.120806
MedNavegantes,"22/12/2025, 5:00:00",9593.336242
MedNavegantes,"22/12/2025, 6:00:00",8765.128372
MedNavegantes,"22/12/2025, 7:00:00",10300.21097
MedNavegantes,"22/12/2025, 8:00:00",18489.63503
MedNavegantes,"22/12/2025, 9:00:00",36277.65609
MedNavegantes,"22/12/2025, 10:00:00",44608.00669
MedNavegantes,"22/12/2025, 11:00:00",67091.84939
MedNavegantes,"22/12/2025, 12:00:00",66809.28471
MedNavegantes,"22/12/2025, 13:00:00",69998.45041
MedNavegantes,"22/12/2025, 14:00:00",60424.30736
MedNavegantes,"22/12/2025, 15:00:00",52043.28723
MedNavegantes,"22/12/2025, 16:00:00",42882.69371
MedNavegantes,"22/12/2025, 17:00:00",46277.66666
MedNavegantes,"22/12/2025, 18:00:00",66368.07026
MedNavegantes,"22/12/2025, 19:00:00",81213.36831
MedNavegantes,"22/12/2025, 20:00:00",71054.32766
MedNavegantes,"22/12/2025, 21:00:00",61190.06474
MedNavegantes,"22/12/2025, 22:00:00",59867.17399
MedNavegantes,"22/12/2025, 23:00:00",51902.17078
MedNavegantes,"23/12/2025, 0:00:00",23731.26922
MedNavegantes,"23/12/2025, 1:00:00",14359.75503
MedNavegantes,"23/12/2025, 2:00:00",13506.23071
MedNavegantes,"23/12/2025, 3:00:00",13045.99278
MedNavegantes,"23/12/2025, 4:00:00",12894.16158
MedNavegantes,"23/12/2025, 5:00:00",12643.97364
MedNavegantes,"23/12/2025, 6:00:00",11427.91612
MedNavegantes,"23/12/2025, 7:00:00",13216.15324
MedNavegantes,"23/12/2025, 8:00:00",30385.47316
MedNavegantes,"23/12/2025, 9:00:00",48351.27747
MedNavegantes,"23/12/2025, 10:00:00",64244.10406
MedNavegantes,"23/12/2025, 11:00:00",73184.20416
MedNavegantes,"23/12/2025, 12:00:00",77763.68074
MedNavegantes,"23/12/2025, 13:00:00",74035.26298
MedNavegantes,"23/12/2025, 14:00:00",70406.38485
MedNavegantes,"23/12/2025, 15:00:00",50978.34539
MedNavegantes,"23/12/2025, 16:00:00",47024.11759
MedNavegantes,"23/12/2025, 17:00:00",62706.11402
MedNavegantes,"23/12/2025, 18:00:00",66893.32513
MedNavegantes,"23/12/2025, 19:00:00",79065.81208
MedNavegantes,"23/12/2025, 20:00:00",73308.61321
MedNavegantes,"23/12/2025, 21:00:00",68380.63995
MedNavegantes,"23/12/2025, 22:00:00",58133.88031
MedNavegantes,"23/12/2025, 23:00:00",37845.88611
MedNavegantes,"24/12/2025, 0:00:00",18996.19392
MedNavegantes,"24/12/2025, 1:00:00",12718.97888
MedNavegantes,"24/12/2025, 2:00:00",12287.68997
MedNavegantes,"24/12/2025, 3:00:00",10769.6507
MedNavegantes,"24/12/2025, 4:00:00",12681.10199
MedNavegantes,"24/12/2025, 5:00:00",12580.99481
MedNavegantes,"24/12/2025, 6:00:00",16675.23261
MedNavegantes,"24/12/2025, 7:00:00",13187.39461
MedNavegantes,"24/12/2025, 8:00:00",14574.73043
MedNavegantes,"24/12/2025, 9:00:00",35866.91395
MedNavegantes,"24/12/2025, 10:00:00",38373.8915
MedNavegantes,"24/12/2025, 11:00:00",61274.66417
MedNavegantes,"24/12/2025, 12:00:00",62841.84049
MedNavegantes,"24/12/2025, 13:00:00",60291.28437
MedNavegantes,"24/12/2025, 14:00:00",56616.7746
MedNavegantes,"24/12/2025, 15:00:00",22994.00921
MedNavegantes,"24/12/2025, 16:00:00",11532.06634
MedNavegantes,"24/12/2025, 17:00:00",9733.281242
MedNavegantes,"24/12/2025, 18:00:00",9877.963861
MedNavegantes,"24/12/2025, 19:00:00",10472.90877
MedNavegantes,"24/12/2025, 20:00:00",10425.95721
MedNavegantes,"24/12/2025, 21:00:00",12541.25256
MedNavegantes,"24/12/2025, 22:00:00",17915.74666
MedNavegantes,"24/12/2025, 23:00:00",17399.73121
MedNavegantes,"25/12/2025, 0:00:00",14655.50293
MedNavegantes,"25/12/2025, 1:00:00",13614.40361
MedNavegantes,"25/12/2025, 2:00:00",13682.43735
MedNavegantes,"25/12/2025, 3:00:00",13505.90819
MedNavegantes,"25/12/2025, 4:00:00",13216.83206
MedNavegantes,"25/12/2025, 5:00:00",10301.22377
MedNavegantes,"25/12/2025, 6:00:00",8870.202269
MedNavegantes,"25/12/2025, 7:00:00",9736.881733
MedNavegantes,"25/12/2025, 8:00:00",23818.77918
MedNavegantes,"25/12/2025, 9:00:00",34014.76999
MedNavegantes,"25/12/2025, 10:00:00",55089.2037
MedNavegantes,"25/12/2025, 11:00:00",61147.54927
MedNavegantes,"25/12/2025, 12:00:00",68867.2358
MedNavegantes,"25/12/2025, 13:00:00",67119.01783
MedNavegantes,"25/12/2025, 14:00:00",65995.6159
MedNavegantes,"25/12/2025, 15:00:00",63076.9889
MedNavegantes,"25/12/2025, 16:00:00",53321.17204
MedNavegantes,"25/12/2025, 17:00:00",42790.64404
MedNavegantes,"25/12/2025, 18:00:00",59259.91206
MedNavegantes,"25/12/2025, 19:00:00",65791.79612
MedNavegantes,"25/12/2025, 20:00:00",62485.57756
MedNavegantes,"25/12/2025, 21:00:00",58913.88706
MedNavegantes,"25/12/2025, 22:00:00",51759.64516
MedNavegantes,"25/12/2025, 23:00:00",17153.60504
MedNavegantes,"26/12/2025, 0:00:00",12507.4699
MedNavegantes,"26/12/2025, 1:00:00",10958.48069
MedNavegantes,"26/12/2025, 2:00:00",10784.29243
MedNavegantes,"26/12/2025, 3:00:00",10164.04218
MedNavegantes,"26/12/2025, 4:00:00",9990.689353
MedNavegantes,"26/12/2025, 5:00:00",9955.631783
MedNavegantes,"26/12/2025, 6:00:00",10078.92666
MedNavegantes,"26/12/2025, 7:00:00",9945.640789
MedNavegantes,"26/12/2025, 8:00:00",20760.50681
MedNavegantes,"26/12/2025, 9:00:00",34558.03773
MedNavegantes,"26/12/2025, 10:00:00",53339.3487
MedNavegantes,"26/12/2025, 11:00:00",70264.73032
MedNavegantes,"26/12/2025, 12:00:00",63970.54854
MedNavegantes,"26/12/2025, 13:00:00",70305.19054
MedNavegantes,"26/12/2025, 14:00:00",65114.58845
MedNavegantes,"26/12/2025, 15:00:00",25967.45249
MedNavegantes,"26/12/2025, 16:00:00",51148.90182
MedNavegantes,"26/12/2025, 17:00:00",71524.26927
MedNavegantes,"26/12/2025, 18:00:00",72082.25553
MedNavegantes,"26/12/2025, 19:00:00",80092.27158
MedNavegantes,"26/12/2025, 20:00:00",80289.40559
MedNavegantes,"26/12/2025, 21:00:00",73860.15607
MedNavegantes,"26/12/2025, 22:00:00",68415.24668
MedNavegantes,"26/12/2025, 23:00:00",40118.51808
MedNavegantes,"27/12/2025, 0:00:00",12963.96892
MedNavegantes,"27/12/2025, 1:00:00",12225.59553
MedNavegantes,"27/12/2025, 2:00:00",11073.38861
MedNavegantes,"27/12/2025, 3:00:00",10896.81282
MedNavegantes,"27/12/2025, 4:00:00",10679.71288
MedNavegantes,"27/12/2025, 5:00:00",10478.79583
MedNavegantes,"27/12/2025, 6:00:00",10334.03097
MedNavegantes,"27/12/2025, 7:00:00",9338.946517
MedNavegantes,"27/12/2025, 8:00:00",15226.21711
MedNavegantes,"27/12/2025, 9:00:00",29584.09101
MedNavegantes,"27/12/2025, 10:00:00",51535.588
MedNavegantes,"27/12/2025, 11:00:00",66959.72293
MedNavegantes,"27/12/2025, 12:00:00",69022.89494
MedNavegantes,"27/12/2025, 13:00:00",73750.36089
MedNavegantes,"27/12/2025, 14:00:00",68542.80865
MedNavegantes,"27/12/2025, 15:00:00",63026.59401
MedNavegantes,"27/12/2025, 16:00:00",36839.35952
MedNavegantes,"27/12/2025, 17:00:00",61501.01914
MedNavegantes,"27/12/2025, 18:00:00",68113.26591
MedNavegantes,"27/12/2025, 19:00:00",69499.7784
MedNavegantes,"27/12/2025, 20:00:00",65437.59097
MedNavegantes,"27/12/2025, 21:00:00",65364.12341
MedNavegantes,"27/12/2025, 22:00:00",59717.02243
MedNavegantes,"27/12/2025, 23:00:00",38006.15813
MedNavegantes,"28/12/2025, 0:00:00",12496.39783
MedNavegantes,"28/12/2025, 1:00:00",11551.00587
MedNavegantes,"28/12/2025, 2:00:00",15260.14961
MedNavegantes,"28/12/2025, 3:00:00",10637.14307
MedNavegantes,"28/12/2025, 4:00:00",9894.808433
MedNavegantes,"28/12/2025, 5:00:00",9228.555301
MedNavegantes,"28/12/2025, 6:00:00",9943.549181
MedNavegantes,"28/12/2025, 7:00:00",10016.74391
MedNavegantes,"28/12/2025, 8:00:00",16813.10676
MedNavegantes,"28/12/2025, 9:00:00",48174.78086
MedNavegantes,"28/12/2025, 10:00:00",57406.66405
MedNavegantes,"28/12/2025, 11:00:00",70844.06307
MedNavegantes,"28/12/2025, 12:00:00",67268.53872
MedNavegantes,"28/12/2025, 13:00:00",75425.94663
MedNavegantes,"28/12/2025, 14:00:00",75112.18666
MedNavegantes,"28/12/2025, 15:00:00",74084.51791
MedNavegantes,"28/12/2025, 16:00:00",68297.92472
MedNavegantes,"28/12/2025, 17:00:00",64209.89147
MedNavegantes,"28/12/2025, 18:00:00",63318.71724
MedNavegantes,"28/12/2025, 19:00:00",68250.85568
MedNavegantes,"28/12/2025, 20:00:00",69500.42028
MedNavegantes,"28/12/2025, 21:00:00",64413.71507
MedNavegantes,"28/12/2025, 22:00:00",60067.98405
MedNavegantes,"28/12/2025, 23:00:00",25571.89756
MedNavegantes,"29/12/2025, 0:00:00",10945.11651
MedNavegantes,"29/12/2025, 1:00:00",13423.76934
MedNavegantes,"29/12/2025, 2:00:00",17738.07972
MedNavegantes,"29/12/2025, 3:00:00",10060.33236
MedNavegantes,"29/12/2025, 4:00:00",9478.701472
MedNavegantes,"29/12/2025, 5:00:00",15406.91049
MedNavegantes,"29/12/2025, 6:00:00",10110.16973
MedNavegantes,"29/12/2025, 7:00:00",9693.167128
MedNavegantes,"29/12/2025, 8:00:00",16213.56068
MedNavegantes,"29/12/2025, 9:00:00",33155.64313
MedNavegantes,"29/12/2025, 10:00:00",51295.78967
MedNavegantes,"29/12/2025, 11:00:00",69344.61954
MedNavegantes,"29/12/2025, 12:00:00",68106.46971
MedNavegantes,"29/12/2025, 13:00:00",71768.0484
MedNavegantes,"29/12/2025, 14:00:00",69760.01287
MedNavegantes,"29/12/2025, 15:00:00",65962.14155
MedNavegantes,"29/12/2025, 16:00:00",52927.39501
MedNavegantes,"29/12/2025, 17:00:00",63478.68174
MedNavegantes,"29/12/2025, 18:00:00",60042.43058
MedNavegantes,"29/12/2025, 19:00:00",65884.61364
MedNavegantes,"29/12/2025, 20:00:00",75175.16058
MedNavegantes,"29/12/2025, 21:00:00",65902.07599
MedNavegantes,"29/12/2025, 22:00:00",59051.45198
MedNavegantes,"29/12/2025, 23:00:00",46336.05322
MedNavegantes,"30/12/2025, 0:00:00",16195.02154
MedNavegantes,"30/12/2025, 1:00:00",11674.70711
MedNavegantes,"30/12/2025, 2:00:00",10089.88029
MedNavegantes,"30/12/2025, 3:00:00",10771.75704
MedNavegantes,"30/12/2025, 4:00:00",10035.95649
MedNavegantes,"30/12/2025, 5:00:00",9445.004392
MedNavegantes,"30/12/2025, 6:00:00",8955.964114
MedNavegantes,"30/12/2025, 7:00:00",8863.753667
MedNavegantes,"30/12/2025, 8:00:00",27580.06248
MedNavegantes,"30/12/2025, 9:00:00",45916.05948
MedNavegantes,"30/12/2025, 10:00:00",69700.60779
MedNavegantes,"30/12/2025, 11:00:00",57121.96714
MedNavegantes,"30/12/2025, 12:00:00",57602.68204
MedNavegantes,"30/12/2025, 13:00:00",65593.50179
MedNavegantes,"30/12/2025, 14:00:00",59068.12828
MedNavegantes,"30/12/2025, 15:00:00",36815.32626
MedNavegantes,"30/12/2025, 16:00:00",36518.63376
MedNavegantes,"30/12/2025, 17:00:00",55571.80385
MedNavegantes,"30/12/2025, 18:00:00",59905.10403
MedNavegantes,"30/12/2025, 19:00:00",62458.84236
MedNavegantes,"30/12/2025, 20:00:00",68334.31529
MedNavegantes,"30/12/2025, 21:00:00",60924.34516
MedNavegantes,"30/12/2025, 22:00:00",54863.05658
MedNavegantes,"30/12/2025, 23:00:00",35365.44341
MedNavegantes,"31/12/2025, 0:00:00",13331.491
MedNavegantes,"31/12/2025, 1:00:00",12539.95748
MedNavegantes,"31/12/2025, 2:00:00",12790.24237
MedNavegantes,"31/12/2025, 3:00:00",11677.6829
MedNavegantes,"31/12/2025, 4:00:00",10328.70594
MedNavegantes,"31/12/2025, 5:00:00",10619.05859
MedNavegantes,"31/12/2025, 6:00:00",11213.00456
MedNavegantes,"31/12/2025, 7:00:00",10651.85763
MedNavegantes,"31/12/2025, 8:00:00",18332.69118
MedNavegantes,"31/12/2025, 9:00:00",35218.23489
MedNavegantes,"31/12/2025, 10:00:00",46877.68709
MedNavegantes,"31/12/2025, 11:00:00",58930.65309
MedNavegantes,"31/12/2025, 12:00:00",60599.84325
MedNavegantes,"31/12/2025, 13:00:00",65638.06365
MedNavegantes,"31/12/2025, 14:00:00",57637.4547
MedNavegantes,"31/12/2025, 15:00:00",29409.29198
MedNavegantes,"31/12/2025, 16:00:00",11947.11795
MedNavegantes,"31/12/2025, 17:00:00",11898.40839
MedNavegantes,"31/12/2025, 18:00:00",12276.13714
MedNavegantes,"31/12/2025, 19:00:00",11480.18227
MedNavegantes,"31/12/2025, 20:00:00",11258.70967
MedNavegantes,"31/12/2025, 21:00:00",11108.68858
MedNavegantes,"31/12/2025, 22:00:00",14655.56072
MedNavegantes,"31/12/2025, 23:00:00",14745.27123
MedNavegantes,"01/01/2026, 0:00:00",14409.28559
MedNavegantes,"01/01/2026, 1:00:00",14667.68577
MedNavegantes,"01/01/2026, 2:00:00",14338.21239
MedNavegantes,"01/01/2026, 3:00:00",13500.20855
MedNavegantes,"01/01/2026, 4:00:00",13694.73038
MedNavegantes,"01/01/2026, 5:00:00",13386.09064
MedNavegantes,"01/01/2026, 6:00:00",13583.06876
MedNavegantes,"01/01/2026, 7:00:00",13807.79168
MedNavegantes,"01/01/2026, 8:00:00",25516.14946
MedNavegantes,"01/01/2026, 9:00:00",35761.15151
MedNavegantes,"01/01/2026, 10:00:00",45256.27253
MedNavegantes,"01/01/2026, 11:00:00",67916.12977
MedNavegantes,"01/01/2026, 12:00:00",72080.78083
MedNavegantes,"01/01/2026, 13:00:00",79210.77269
MedNavegantes,"01/01/2026, 14:00:00",70133.56344
MedNavegantes,"01/01/2026, 15:00:00",75072.38806
MedNavegantes,"01/01/2026, 16:00:00",67039.13805
MedNavegantes,"01/01/2026, 17:00:00",62150.10979
MedNavegantes,"01/01/2026, 18:00:00",59978.01961
MedNavegantes,"01/01/2026, 19:00:00",70309.34985
MedNavegantes,"01/01/2026, 20:00:00",66302.00177
MedNavegantes,"01/01/2026, 21:00:00",65063.77462
MedNavegantes,"01/01/2026, 22:00:00",65276.44987
MedNavegantes,"01/01/2026, 23:00:00",41599.67575
MedNavegantes,"02/01/2026, 0:00:00",14321.06246
MedNavegantes,"02/01/2026, 1:00:00",11275.91624
MedNavegantes,"02/01/2026, 2:00:00",10750.55782
MedNavegantes,"02/01/2026, 3:00:00",9628.179528
MedNavegantes,"02/01/2026, 4:00:00",9483.5728
MedNavegantes,"02/01/2026, 5:00:00",9388.636378
MedNavegantes,"02/01/2026, 6:00:00",9656.866722
MedNavegantes,"02/01/2026, 7:00:00",10000.52816
MedNavegantes,"02/01/2026, 8:00:00",23826.97066
MedNavegantes,"02/01/2026, 9:00:00",44082.7
MedNavegantes,"02/01/2026, 10:00:00",54601.91419
MedNavegantes,"02/01/2026, 11:00:00",65077.45154
MedNavegantes,"02/01/2026, 12:00:00",63334.34517
MedNavegantes,"02/01/2026, 13:00:00",64766.1563
MedNavegantes,"02/01/2026, 14:00:00",67779.52293
MedNavegantes,"02/01/2026, 15:00:00",49644.45474
MedNavegantes,"02/01/2026, 16:00:00",42499.37803
MedNavegantes,"02/01/2026, 17:00:00",66197.93468
MedNavegantes,"02/01/2026, 18:00:00",62523.26411
MedNavegantes,"02/01/2026, 19:00:00",66724.24244
MedNavegantes,"02/01/2026, 20:00:00",72749.28105
MedNavegantes,"02/01/2026, 21:00:00",67255.98826
MedNavegantes,"02/01/2026, 22:00:00",59822.24946
MedNavegantes,"02/01/2026, 23:00:00",33312.46949
MedNavegantes,"03/01/2026, 0:00:00",14097.05851
MedNavegantes,"03/01/2026, 1:00:00",13262.80144
MedNavegantes,"03/01/2026, 2:00:00",12241.61863
MedNavegantes,"03/01/2026, 3:00:00",10853.62366
MedNavegantes,"03/01/2026, 4:00:00",11258.83704
MedNavegantes,"03/01/2026, 5:00:00",10197.99036
MedNavegantes,"03/01/2026, 6:00:00",10019.27756
MedNavegantes,"03/01/2026, 7:00:00",10089.04039
MedNavegantes,"03/01/2026, 8:00:00",14405.66038
MedNavegantes,"03/01/2026, 9:00:00",26332.40598
MedNavegantes,"03/01/2026, 10:00:00",49768.4732
MedNavegantes,"03/01/2026, 11:00:00",54050.4277
MedNavegantes,"03/01/2026, 12:00:00",69385.91655
MedNavegantes,"03/01/2026, 13:00:00",75448.09848
MedNavegantes,"03/01/2026, 14:00:00",68612.94994
MedNavegantes,"03/01/2026, 15:00:00",68084.0037
MedNavegantes,"03/01/2026, 16:00:00",66630.21251
MedNavegantes,"03/01/2026, 17:00:00",70436.55057
MedNavegantes,"03/01/2026, 18:00:00",64187.38756
MedNavegantes,"03/01/2026, 19:00:00",78957.06252
MedNavegantes,"03/01/2026, 20:00:00",69835.38776
MedNavegantes,"03/01/2026, 21:00:00",65866.40909
MedNavegantes,"03/01/2026, 22:00:00",57469.51069
MedNavegantes,"03/01/2026, 23:00:00",25943.86188
MedNavegantes,"04/01/2026, 0:00:00",13255.4145
MedNavegantes,"04/01/2026, 1:00:00",11332.68314
MedNavegantes,"04/01/2026, 2:00:00",10745.06634
MedNavegantes,"04/01/2026, 3:00:00",10822.99131
MedNavegantes,"04/01/2026, 4:00:00",10983.07639
MedNavegantes,"04/01/2026, 5:00:00",10637.2027
MedNavegantes,"04/01/2026, 6:00:00",10831.90635
MedNavegantes,"04/01/2026, 7:00:00",10173.41512
MedNavegantes,"04/01/2026, 8:00:00",16636.74926
MedNavegantes,"04/01/2026, 9:00:00",36453.68378
MedNavegantes,"04/01/2026, 10:00:00",53880.67217
MedNavegantes,"04/01/2026, 11:00:00",79387.9857
MedNavegantes,"04/01/2026, 12:00:00",74497.22656
MedNavegantes,"04/01/2026, 13:00:00",77839.48609
MedNavegantes,"04/01/2026, 14:00:00",70336.01902
MedNavegantes,"04/01/2026, 15:00:00",78658.30062
MedNavegantes,"04/01/2026, 16:00:00",66717.52878
MedNavegantes,"04/01/2026, 17:00:00",61204.10648
MedNavegantes,"04/01/2026, 18:00:00",61150.54944
MedNavegantes,"04/01/2026, 19:00:00",61003.49785
MedNavegantes,"04/01/2026, 20:00:00",64221.37647
MedNavegantes,"04/01/2026, 21:00:00",66175.82819
MedNavegantes,"04/01/2026, 22:00:00",61473.21121
MedNavegantes,"04/01/2026, 23:00:00",22220.20601
MedNavegantes,"05/01/2026, 0:00:00",13336.54562
MedNavegantes,"05/01/2026, 1:00:00",11645.76193
MedNavegantes,"05/01/2026, 2:00:00",13143.30604
MedNavegantes,"05/01/2026, 3:00:00",10533.34793
MedNavegantes,"05/01/2026, 4:00:00",9966.474119
MedNavegantes,"05/01/2026, 5:00:00",9717.540771
MedNavegantes,"05/01/2026, 6:00:00",10100.81395
MedNavegantes,"05/01/2026, 7:00:00",10053.0258
MedNavegantes,"05/01/2026, 8:00:00",11428.42877
MedNavegantes,"05/01/2026, 9:00:00",32903.81212
MedNavegantes,"05/01/2026, 10:00:00",31647.43236
MedNavegantes,"05/01/2026, 11:00:00",62896.75433
MedNavegantes,"05/01/2026, 12:00:00",58429.86659
MedNavegantes,"05/01/2026, 13:00:00",58443.68798
MedNavegantes,"05/01/2026, 14:00:00",65725.58447
MedNavegantes,"05/01/2026, 15:00:00",62487.77423
MedNavegantes,"05/01/2026, 16:00:00",38208.34136
MedNavegantes,"05/01/2026, 17:00:00",65697.24456
MedNavegantes,"05/01/2026, 18:00:00",63466.67483
MedNavegantes,"05/01/2026, 19:00:00",68304.79479
MedNavegantes,"05/01/2026, 20:00:00",73404.27644
MedNavegantes,"05/01/2026, 21:00:00",65584.76067
MedNavegantes,"05/01/2026, 22:00:00",62493.02669
MedNavegantes,"05/01/2026, 23:00:00",23027.005
MedNavegantes,"06/01/2026, 0:00:00",12553.89838
MedNavegantes,"06/01/2026, 1:00:00",10737.51356
MedNavegantes,"06/01/2026, 2:00:00",10162.43698
MedNavegantes,"06/01/2026, 3:00:00",9519.935223
MedNavegantes,"06/01/2026, 4:00:00",9688.805497
MedNavegantes,"06/01/2026, 5:00:00",9783.272942
MedNavegantes,"06/01/2026, 6:00:00",9837.182242
MedNavegantes,"06/01/2026, 7:00:00",8805.218725
MedNavegantes,"06/01/2026, 8:00:00",17668.99771
MedNavegantes,"06/01/2026, 9:00:00",25935.82416
MedNavegantes,"06/01/2026, 10:00:00",56571.72297
MedNavegantes,"06/01/2026, 11:00:00",55840.11484
MedNavegantes,"06/01/2026, 12:00:00",61349.43068
MedNavegantes,"06/01/2026, 13:00:00",58571.59607
MedNavegantes,"06/01/2026, 14:00:00",55384.14968
MedNavegantes,"06/01/2026, 15:00:00",36885.17472
MedNavegantes,"06/01/2026, 16:00:00",41436.84624
MedNavegantes,"06/01/2026, 17:00:00",70325.25889
MedNavegantes,"06/01/2026, 18:00:00",64479.78071
MedNavegantes,"06/01/2026, 19:00:00",67627.34577
MedNavegantes,"06/01/2026, 20:00:00",77351.09529
MedNavegantes,"06/01/2026, 21:00:00",64884.32997
MedNavegantes,"06/01/2026, 22:00:00",53372.24164
MedNavegantes,"06/01/2026, 23:00:00",24272.63662
MedNavegantes,"07/01/2026, 0:00:00",12661.43996
MedNavegantes,"07/01/2026, 1:00:00",10631.25624
MedNavegantes,"07/01/2026, 2:00:00",10472.20534
MedNavegantes,"07/01/2026, 3:00:00",9839.5994
MedNavegantes,"07/01/2026, 4:00:00",9478.234781
MedNavegantes,"07/01/2026, 5:00:00",9665.907617
MedNavegantes,"07/01/2026, 6:00:00",9206.237336
MedNavegantes,"07/01/2026, 7:00:00",9775.874111
MedNavegantes,"07/01/2026, 8:00:00",16963.32563
MedNavegantes,"07/01/2026, 9:00:00",33835.30866
MedNavegantes,"07/01/2026, 10:00:00",50106.29615
MedNavegantes,"07/01/2026, 11:00:00",71711.92772
MedNavegantes,"07/01/2026, 12:00:00",72771.41092
MedNavegantes,"07/01/2026, 13:00:00",66448.14797
MedNavegantes,"07/01/2026, 14:00:00",70553.90723
MedNavegantes,"07/01/2026, 15:00:00",50505.06845
MedNavegantes,"07/01/2026, 16:00:00",42361.78057
MedNavegantes,"07/01/2026, 17:00:00",68624.13986
MedNavegantes,"07/01/2026, 18:00:00",74582.23788
MedNavegantes,"07/01/2026, 19:00:00",77834.99809
MedNavegantes,"07/01/2026, 20:00:00",79114.72901
MedNavegantes,"07/01/2026, 21:00:00",70828.79511
MedNavegantes,"07/01/2026, 22:00:00",62883.43705
MedNavegantes,"07/01/2026, 23:00:00",44726.87641
MedNavegantes,"08/01/2026, 0:00:00",17386.97326
MedNavegantes,"08/01/2026, 1:00:00",14139.21017
MedNavegantes,"08/01/2026, 2:00:00",12738.397
MedNavegantes,"08/01/2026, 3:00:00",10990.3818
MedNavegantes,"08/01/2026, 4:00:00",12059.89404
MedNavegantes,"08/01/2026, 5:00:00",11105.96795
MedNavegantes,"08/01/2026, 6:00:00",11068.70771
MedNavegantes,"08/01/2026, 7:00:00",10504.49645
MedNavegantes,"08/01/2026, 8:00:00",14722.12281
MedNavegantes,"08/01/2026, 9:00:00",31012.49999
MedNavegantes,"08/01/2026, 10:00:00",50287.92031
MedNavegantes,"08/01/2026, 11:00:00",60557.42798
MedNavegantes,"08/01/2026, 12:00:00",68458.62417
MedNavegantes,"08/01/2026, 13:00:00",73357.76976
MedNavegantes,"08/01/2026, 14:00:00",61718.05291
MedNavegantes,"08/01/2026, 15:00:00",40792.04742
MedNavegantes,"08/01/2026, 16:00:00",36678.71392
MedNavegantes,"08/01/2026, 17:00:00",61093.53528
MedNavegantes,"08/01/2026, 18:00:00",71999.75907
MedNavegantes,"08/01/2026, 19:00:00",73144.05222
MedNavegantes,"08/01/2026, 20:00:00",73779.43968
MedNavegantes,"08/01/2026, 21:00:00",68321.40333
MedNavegantes,"08/01/2026, 22:00:00",63677.27215
MedNavegantes,"08/01/2026, 23:00:00",37551.65916
MedNavegantes,"09/01/2026, 0:00:00",14752.26185
MedNavegantes,"09/01/2026, 1:00:00",11902.35029
MedNavegantes,"09/01/2026, 2:00:00",11384.0084
MedNavegantes,"09/01/2026, 3:00:00",11509.64942
MedNavegantes,"09/01/2026, 4:00:00",11014.73882
MedNavegantes,"09/01/2026, 5:00:00",10271.70925
MedNavegantes,"09/01/2026, 6:00:00",8704.590522
MedNavegantes,"09/01/2026, 7:00:00",9839.949425
MedNavegantes,"09/01/2026, 8:00:00",17302.92405
MedNavegantes,"09/01/2026, 9:00:00",32545.47877
MedNavegantes,"09/01/2026, 10:00:00",54047.72999
MedNavegantes,"09/01/2026, 11:00:00",74096.98486
MedNavegantes,"09/01/2026, 12:00:00",73158.84171
MedNavegantes,"09/01/2026, 13:00:00",75128.07262
MedNavegantes,"09/01/2026, 14:00:00",73985.92231
MedNavegantes,"09/01/2026, 15:00:00",66159.9745
MedNavegantes,"09/01/2026, 16:00:00",42019.22811
MedNavegantes,"09/01/2026, 17:00:00",68798.32771
MedNavegantes,"09/01/2026, 18:00:00",64303.12603
MedNavegantes,"09/01/2026, 19:00:00",66881.30929
MedNavegantes,"09/01/2026, 20:00:00",73304.13805
MedNavegantes,"09/01/2026, 21:00:00",66308.46977
MedNavegantes,"09/01/2026, 22:00:00",61238.8531
MedNavegantes,"09/01/2026, 23:00:00",48825.88311
MedNavegantes,"10/01/2026, 0:00:00",13614.16438
MedNavegantes,"10/01/2026, 1:00:00",13292.56113
MedNavegantes,"10/01/2026, 2:00:00",12931.31779
MedNavegantes,"10/01/2026, 3:00:00",12608.14704
MedNavegantes,"10/01/2026, 4:00:00",11827.44194
MedNavegantes,"10/01/2026, 5:00:00",11012.55888
MedNavegantes,"10/01/2026, 6:00:00",10548.83004
MedNavegantes,"10/01/2026, 7:00:00",10386.78352
MedNavegantes,"10/01/2026, 8:00:00",16148.58245
MedNavegantes,"10/01/2026, 9:00:00",28121.90708
MedNavegantes,"10/01/2026, 10:00:00",47408.9673
MedNavegantes,"10/01/2026, 11:00:00",64257.52188
MedNavegantes,"10/01/2026, 12:00:00",68775.49495
MedNavegantes,"10/01/2026, 13:00:00",66435.52856
MedNavegantes,"10/01/2026, 14:00:00",67619.75535
MedNavegantes,"10/01/2026, 15:00:00",65258.47443
MedNavegantes,"10/01/2026, 16:00:00",71668.84663
MedNavegantes,"10/01/2026, 17:00:00",67738.96014
MedNavegantes,"10/01/2026, 18:00:00",60277.29626
MedNavegantes,"10/01/2026, 19:00:00",70357.16835
MedNavegantes,"10/01/2026, 20:00:00",62300.44968
MedNavegantes,"10/01/2026, 21:00:00",62070.5468
MedNavegantes,"10/01/2026, 22:00:00",56246.33562
MedNavegantes,"10/01/2026, 23:00:00",33375.41244
MedNavegantes,"11/01/2026, 0:00:00",13761.81135
MedNavegantes,"11/01/2026, 1:00:00",12428.23789
MedNavegantes,"11/01/2026, 2:00:00",12366.44886
MedNavegantes,"11/01/2026, 3:00:00",12028.45755
MedNavegantes,"11/01/2026, 4:00:00",11685.17261
MedNavegantes,"11/01/2026, 5:00:00",9884.551553
MedNavegantes,"11/01/2026, 6:00:00",10440.28626
MedNavegantes,"11/01/2026, 7:00:00",10207.88262
MedNavegantes,"11/01/2026, 8:00:00",17700.33963
MedNavegantes,"11/01/2026, 9:00:00",29931.00801
MedNavegantes,"11/01/2026, 10:00:00",46048.18099
MedNavegantes,"11/01/2026, 11:00:00",72032.94901
MedNavegantes,"11/01/2026, 12:00:00",75126.34636
MedNavegantes,"11/01/2026, 13:00:00",76059.58208
MedNavegantes,"11/01/2026, 14:00:00",69849.85406
MedNavegantes,"11/01/2026, 15:00:00",75967.81967
MedNavegantes,"11/01/2026, 16:00:00",66856.94425
MedNavegantes,"11/01/2026, 17:00:00",65032.58414
MedNavegantes,"11/01/2026, 18:00:00",74219.67553
MedNavegantes,"11/01/2026, 19:00:00",74861.45639
MedNavegantes,"11/01/2026, 20:00:00",72540.7044
